{
  "pages": [
    {
      "_id": "620267e81501007a8439f3fb",
      "_tenant": "default",
      "_deleted": false,
      "visible": true,
      "authenticated": false,
      "name": "js",
      "picture": null,
      "tags": [],
      "metadata": {},
      "contentType": "text/javascript",
      "forwardRef": null,
      "path": "/js-news",
      "exact": true,
      "lastPublishedDate": 1644490121674
    },
    {
      "_id": "6203bde7190100d46b9e3777",
      "_tenant": "default",
      "_deleted": false,
      "visible": true,
      "authenticated": false,
      "name": "API",
      "picture": null,
      "tags": [],
      "metadata": {},
      "contentType": "text/html",
      "forwardRef": null,
      "path": "/api",
      "exact": false,
      "lastPublishedDate": 1644570191851
    },
    {
      "_id": "620f58661901005d998f2405",
      "_tenant": "default",
      "_deleted": false,
      "visible": true,
      "authenticated": false,
      "name": "test",
      "picture": null,
      "tags": [],
      "metadata": {},
      "contentType": "text/html",
      "forwardRef": null,
      "path": "/test",
      "exact": false,
      "lastPublishedDate": 1645192274385
    },
    {
      "_id": "6204edef290100e89f5d2d35",
      "_tenant": "default",
      "_deleted": false,
      "visible": true,
      "authenticated": false,
      "name": "ApiKeyManager",
      "picture": null,
      "tags": [],
      "metadata": {},
      "contentType": "text/javascript",
      "forwardRef": null,
      "path": "/manager",
      "exact": true,
      "lastPublishedDate": 1644500504102
    },
    {
      "_id": "620e4d519f0100f9ccc1544d",
      "_tenant": "default",
      "_deleted": false,
      "visible": true,
      "authenticated": false,
      "name": "User card",
      "picture": null,
      "tags": [],
      "metadata": {},
      "contentType": "text/html",
      "forwardRef": null,
      "path": null,
      "exact": false,
      "lastPublishedDate": 1645107252407
    },
    {
      "_id": "620244e51a0100ac3d020f39",
      "_tenant": "default",
      "_deleted": false,
      "visible": true,
      "authenticated": false,
      "name": "navbar",
      "picture": null,
      "tags": [],
      "metadata": {},
      "contentType": "text/html",
      "forwardRef": null,
      "path": null,
      "exact": true,
      "lastPublishedDate": 1645111422817
    },
    {
      "_id": "620d09404b0100fd16093640",
      "_tenant": "default",
      "_deleted": false,
      "visible": true,
      "authenticated": false,
      "name": "Mes APIs",
      "picture": null,
      "tags": [],
      "metadata": {},
      "contentType": "text/html",
      "forwardRef": null,
      "path": "/my-apis",
      "exact": false,
      "lastPublishedDate": 1645022356775
    },
    {
      "_id": "62135e41320100c278cd5261",
      "_tenant": "default",
      "_deleted": false,
      "visible": true,
      "authenticated": false,
      "name": "foo",
      "picture": null,
      "tags": [],
      "metadata": {},
      "contentType": "text/html",
      "forwardRef": null,
      "path": "/foo",
      "exact": false,
      "lastPublishedDate": 1645436658357
    },
    {
      "_id": "620e21a32d010066230c91eb",
      "_tenant": "default",
      "_deleted": false,
      "visible": true,
      "authenticated": false,
      "name": "MonEquipe",
      "picture": null,
      "tags": [],
      "metadata": {},
      "contentType": "text/html",
      "forwardRef": null,
      "path": "/own",
      "exact": false,
      "lastPublishedDate": 1645108095866
    },
    {
      "_id": "6203d2de140100e435e7bdd0",
      "_tenant": "default",
      "_deleted": false,
      "visible": true,
      "authenticated": true,
      "name": "Mes plans",
      "picture": null,
      "tags": [],
      "metadata": {},
      "contentType": "text/html",
      "forwardRef": null,
      "path": null,
      "exact": false,
      "lastPublishedDate": 1645454030441
    },
    {
      "_id": "62026d251501007a8439f599",
      "_tenant": "default",
      "_deleted": false,
      "visible": true,
      "authenticated": false,
      "name": "Card",
      "picture": null,
      "tags": [],
      "metadata": {},
      "contentType": "text/html",
      "forwardRef": null,
      "path": null,
      "exact": true,
      "lastPublishedDate": 1645112059169
    },
    {
      "_id": "62027afe1501007a8439fa48",
      "_tenant": "default",
      "_deleted": false,
      "visible": true,
      "authenticated": true,
      "name": "APIS",
      "picture": null,
      "tags": [],
      "metadata": {},
      "contentType": "text/html",
      "forwardRef": null,
      "path": "/apis",
      "exact": true,
      "lastPublishedDate": 1645022392818
    },
    {
      "_id": "620292fd1501007a8439fc48",
      "_tenant": "default",
      "_deleted": false,
      "visible": true,
      "authenticated": false,
      "name": "404",
      "picture": null,
      "tags": [],
      "metadata": {},
      "contentType": "text/html",
      "forwardRef": null,
      "path": "/404",
      "exact": true,
      "lastPublishedDate": 1644501661509
    },
    {
      "_id": "620d0ef44b0100fd16094437",
      "_tenant": "default",
      "_deleted": false,
      "visible": true,
      "authenticated": false,
      "name": "css",
      "picture": null,
      "tags": [],
      "metadata": {},
      "contentType": "text/css",
      "forwardRef": null,
      "path": "/main.css",
      "exact": false,
      "lastPublishedDate": 1645089123473
    },
    {
      "_id": "620294d51501007a8439fcbe",
      "_tenant": "default",
      "_deleted": false,
      "visible": true,
      "authenticated": false,
      "name": "Home",
      "picture": null,
      "tags": [],
      "metadata": {},
      "contentType": "text/html",
      "forwardRef": null,
      "path": "/",
      "exact": true,
      "lastPublishedDate": 1645084494617
    },
    {
      "_id": "61fbaa95320100dbfca04d11",
      "_tenant": "default",
      "_deleted": false,
      "visible": true,
      "authenticated": false,
      "name": "WRAPPER",
      "picture": null,
      "tags": [],
      "metadata": {},
      "contentType": "text/html",
      "forwardRef": null,
      "path": null,
      "exact": true,
      "lastPublishedDate": 1645025094930
    },
    {
      "_id": "62025dcf1a0100ac3d020ffc",
      "_tenant": "default",
      "_deleted": false,
      "visible": true,
      "authenticated": false,
      "name": "preview apis",
      "picture": null,
      "tags": [],
      "metadata": {},
      "contentType": "application/json",
      "forwardRef": null,
      "path": "/news",
      "exact": true,
      "lastPublishedDate": 1644394527442
    },
    {
      "_id": "620e219c2d010066230c91e1",
      "_tenant": "default",
      "_deleted": false,
      "visible": true,
      "authenticated": false,
      "name": "Mes teams",
      "picture": null,
      "tags": [],
      "metadata": {},
      "contentType": "text/html",
      "forwardRef": null,
      "path": "/teams",
      "exact": false,
      "lastPublishedDate": 1645108150211
    },
    {
      "_id": "620d0e944b0100fd16094408",
      "_tenant": "default",
      "_deleted": false,
      "visible": true,
      "authenticated": false,
      "name": "Footer",
      "picture": null,
      "tags": [],
      "metadata": {},
      "contentType": "text/html",
      "forwardRef": null,
      "path": null,
      "exact": false,
      "lastPublishedDate": 1645172701074
    }
  ]
}