{
    "news": [
        {
            "id": 1,
            "title": "My first API : Bobby",
            "content": "accusamus beatae ad facilis cum similique",
            "url": "https://picsum.photos/200/300?sig=1",
            "slug": "/bobby-api-1"
        },
        {
            "id": 2,
            "title": "My second API : Fifou",
            "content": "reprehenderit est deserunt velit ipsam",
            "url": "https://picsum.photos/200/300?sig=2",
            "slug": "/fifou-api-4"
        },
        {
            "id": 3,
            "title": "A new API : Toy",
            "content": "officia porro iure quia iusto qui ipsa ut",
            "url": "https://picsum.photos/200/300?sig=3",
            "slug": "/my-toy-api-v0"
        }
    ]
}